image,plant,disease,symptoms,precautions
tomato_leaf_blight.jpg,Tomato,Late Blight,"Dark spots on leaves, wilting, moldy patches","Use resistant varieties, fungicide spray, proper spacing"
potato_early_blight.jpg,Potato,Early Blight,"Brown lesions on older leaves, dry areas","Remove infected leaves, crop rotation, fungicides"
corn_rust.jpg,Corn,Rust,Rust-colored pustules on leaves,"Use rust-resistant hybrids, avoid overhead watering"
apple_scab.jpg,Apple,Scab,Dark scabby spots on fruit and leaves,"Prune infected branches, apply fungicides early"
grape_black_rot.jpg,Grape,Black Rot,Black spots and leaf curl,"Improve air circulation, avoid wetting leaves"
rice_blast.jpg,Rice,Blast,"Gray-green lesions, spreading patches","Maintain proper field sanitation, use blast-resistant varieties"
